month,year,ordinal,account,install,device,uomdesc,uom,readings,randvalue,
April,2019,1,201170066,3003053236,63020255,KVA,1,544,102005
April,2019,2,201170066,3003053236,63020255,KWH,2,459928,301943
April,2019,3,201648433,3002667523,63191883,KVA,1,70,13104
April,2019,4,201648433,3002667523,63191883,KWH,2,650,427
April,2019,5,201651330,3003387163,63036235,KRH,3,354,70
April,2019,6,201651330,3003387163,63036235,KVA,1,100,18720
April,2019,7,201651330,3003387163,63036235,KWH,2,3546,2328
April,2019,8,201657653,3002673111,63034384,KVA,1,192,36055
April,2019,9,201657653,3002673111,63034384,KWH,2,52534,34488
April,2019,10,202320028,3003536817,93936557,KRH,3,34911,6853
April,2019,11,202320028,3003536817,93936557,KVA,1,247,46407
April,2019,12,202320028,3003536817,93936557,KWH,2,199730,131123
April,2019,13,202344685,3002673704,63029282,KVA,1,114,21341
April,2019,14,202344685,3002673704,63029282,KWH,2,47880,31433
April,2019,15,202358053,3002675302,63034102,KRH,3,3674,721
April,2019,16,202358053,3002675302,63034102,KVA,1,225,42120
April,2019,17,202358053,3002675302,63034102,KWH,2,95280,62553
April,2019,18,202390191,3003730339,98369876,KVA,1,259,48485
April,2019,19,202390191,3003730339,98369876,KWH,2,175128,114972
April,2019,20,202407776,3003477191,98453179,KVA,1,148,27837
April,2019,21,202407776,3003477191,98453179,KWH,2,56562,37133
April,2019,22,202430239,3002673525,93935208,KRH,3,554,109
April,2019,23,202430239,3002673525,93935208,KVA,1,70,13104
April,2019,24,202430239,3002673525,93935208,KWH,2,12400,8141
April,2019,25,202824674,3002669643,84368706,KRH,3,645,127
April,2019,26,202824674,3002669643,84368706,KVA,1,70,13104
April,2019,27,202824674,3002669643,84368706,KWH,2,3686,2420
April,2019,28,202840299,3002652589,96655382,KRH,3,925,182
April,2019,29,202840299,3002652589,96655382,KVA,1,70,13104
April,2019,30,202840299,3002652589,96655382,KWH,2,18538,12170
April,2019,31,202858786,3003330100,63024756,KVA,1,70,13104
April,2019,32,202858786,3003330100,63024756,KWH,2,7144,4690
April,2019,33,202888406,3002705112,98369103,KVA,1,94,17713
April,2019,34,202888406,3002705112,98369103,KWH,2,21570,14161
April,2019,35,205199683,3002673154,63029905,KRH,3,1076,211
April,2019,36,205199683,3002673154,63029905,KVA,1,70,13104
April,2019,37,205199683,3002673154,63029905,KWH,2,19670,12913
April,2019,38,205384693,3002651774,96948395,KVA,1,88,16515
April,2019,39,205384693,3002651774,96948395,KWH,2,48464,31817
April,2019,40,205576740,3002672836,96948295,KRH,3,370,73
April,2019,41,205576740,3002672836,96948295,KVA,1,70,13104
April,2019,42,205576740,3002672836,96948295,KWH,2,22238,14600
April,2019,43,205720641,3003728350,63191837,KVA,1,80,14976
April,2019,44,205720641,3003728350,63191837,KWH,2,14454,9490
April,2019,45,205927910,3003728354,63029576,KVA,1,82,15444
April,2019,46,205927910,3003728354,63029576,KWH,2,63008,41365
April,2019,47,206071076,3002652266,63020592,KRH,3,96524,18288
April,2019,48,206071076,3002652266,63020592,KVA,1,1978,361515
April,2019,49,206071076,3002652266,63020592,KWH,2,1705512,1123156
April,2019,50,206148402,3002652217,63012323,KRH,3,11585,2274
April,2019,51,206148402,3002652217,63012323,KVA,1,70,13104
April,2019,52,206148402,3002652217,63012323,KWH,2,41840,27468
April,2019,53,206347066,3002668547,63017291,KVA,1,70,13104
April,2019,54,206347066,3002668547,63017291,KWH,2,19506,12806
April,2019,55,206568982,3003493943,93750628,KRH,3,206,41
April,2019,56,206568982,3003493943,93750628,KVA,1,80,14976
April,2019,57,206568982,3003493943,93750628,KWH,2,2126,1396
April,2019,58,206590184,3003572427,93750761,KVA,1,70,13104
April,2019,59,206590184,3003572427,93750761,KWH,2,14528,9538
April,2019,60,206682290,3002669067,63054757,KVA,1,70,13104
April,2019,61,206682290,3002669067,63054757,KWH,2,26702,17530
April,2019,62,206735217,3003244652,63055020,KRH,3,14332,2814
April,2019,63,206735217,3003244652,63055020,KVA,1,356,66812
April,2019,64,206735217,3003244652,63055020,KWH,2,118354,77699
April,2019,65,206798150,3003565693,80395878,KVA,1,134,23446
April,2019,66,206798150,3003565693,80395878,KWH,2,60370,37118
April,2019,67,206872534,3003521140,80395806,KVA,1,157,29401
April,2019,68,206872534,3003521140,80395806,KWH,2,45298,29738
April,2019,69,206898613,3002672312,63028779,KVA,1,203,38114
April,2019,70,206898613,3002672312,63028779,KWH,2,101976,66947
April,2019,71,206910250,3002676321,98452674,KRH,3,298,59
April,2019,72,206910250,3002676321,98452674,KVA,1,70,13104
April,2019,73,206910250,3002676321,98452674,KWH,2,11426,7501
April,2019,74,206924214,3003298728,93935296,KRH,3,569,112
April,2019,75,206924214,3003298728,93935296,KVA,1,88,16586
April,2019,76,206924214,3003298728,93935296,KWH,2,53704,35257
April,2019,77,206968370,3003380526,63018130,KVA,1,70,13104
April,2019,78,206968370,3003380526,63018130,KWH,2,280,185
April,2019,79,207121160,3003354946,63024785,KVA,1,77,14497
April,2019,80,207121160,3003354946,63024785,KWH,2,42948,28195
April,2019,81,207132853,3003406216,63030071,KRH,3,2408,473
April,2019,82,207132853,3003406216,63030071,KVA,1,70,13104
April,2019,83,207132853,3003406216,63030071,KWH,2,24518,16096
April,2019,84,207143407,3002669083,85749917,KRH,3,18354,3603
April,2019,85,207143407,3002669083,85749917,KVA,1,176,33086
April,2019,86,207143407,3002669083,85749917,KWH,2,116156,76256
April,2019,87,207143767,3002651745,93936417,KRH,3,51222,10055
April,2019,88,207143767,3002651745,93936417,KVA,1,403,75579
April,2019,89,207143767,3002651745,93936417,KWH,2,180440,118460
April,2019,90,207152095,3002668160,63034350,KVA,1,91,17204
April,2019,91,207152095,3002668160,63034350,KWH,2,43004,28232
April,2019,92,207171764,3003688246,63038251,KVA,1,100,18720
April,2019,93,207171764,3003688246,63038251,KWH,2,17732,11642
April,2019,94,207183720,3002877217,63034840,KVA,1,70,13104
April,2019,95,207183720,3002877217,63034840,KWH,2,8226,5400
April,2019,96,207480709,3002652251,94965987,KVA,1,118,22090
April,2019,97,207480709,3002652251,94965987,KWH,2,75804,49765
April,2019,98,207549189,3002672292,80395531,KVA,1,171,32079
April,2019,99,207549189,3002672292,80395531,KWH,2,109694,72014
April,2019,100,207549757,3003459428,63033743,KVA,1,435,81451
April,2019,101,207549757,3003459428,63033743,KWH,2,385154,252854
April,2019,102,207575534,3003715504,63021492**,KVA,1,80,14976
April,2019,103,207575534,3003715504,63021492**,KWH,2,9846,6465
April,2019,104,207610450,3003063546,63012249,KVA,1,70,13104
April,2019,105,207610450,3003063546,63012249,KWH,2,25146,16508
April,2019,106,207629532,3002672926,63031597,KVA,1,254,47734
April,2019,107,207629532,3002672926,63031597,KWH,2,32506,21340
April,2019,108,220000207,3002669870,63029718,KRH,3,30544,5996
April,2019,109,220000207,3002669870,63029718,KVA,1,172,32198
April,2019,110,220000207,3002669870,63029718,KWH,2,89412,58699
April,2019,111,220000221,3002676332,63022047,KVA,1,122,22838
April,2019,112,220000221,3002676332,63022047,KWH,2,69962,45930
April,2019,113,220000479,3002676355,63020709,KVA,1,142,26620
April,2019,114,220000479,3002676355,63020709,KWH,2,67604,44382
April,2019,115,220000535,3002667901,98453345,KRH,3,5817,1142
April,2019,116,220000535,3002667901,98453345,KVA,1,97,18177
April,2019,117,220000535,3002667901,98453345,KWH,2,70076,46005
April,2019,118,220000609,3003564984,63034676,KRH,3,5829,1144
April,2019,119,220000609,3003564984,63034676,KVA,1,70,13104
April,2019,120,220000609,3003564984,63034676,KWH,2,26204,17203
April,2019,121,220000623,3002667945,98369612,KRH,3,6658,1307
April,2019,122,220000623,3002667945,98369612,KVA,1,74,13989
April,2019,123,220000623,3002667945,98369612,KWH,2,57534,37770
April,2019,124,220000630,3002667949,63034342,KRH,3,20600,4044
April,2019,125,220000630,3002667949,63034342,KVA,1,169,31674
April,2019,126,220000630,3002667949,63034342,KWH,2,122052,80127
April,2019,127,220000831,3002671704,98369236,KVA,1,70,13104
April,2019,128,220000831,3002671704,98369236,KWH,2,25862,16978
April,2019,129,220000905,3002676382,207701426,KVA,1,70,13104
April,2019,130,220000905,3002676382,207701426,KWH,2,10842,7118
April,2019,131,220000937,3003715817,63021699,KVA,1,70,13104
April,2019,132,220000937,3003715817,63021699,KWH,2,17732,11642
April,2019,133,220001000,3002676394,83834799,KVA,1,426,79747
April,2019,134,220001000,3002676394,83834799,KWH,2,361286,237184
April,2019,135,220001320,3002652432,93750739,KVA,1,73,13776
April,2019,136,220001320,3002652432,93750739,KWH,2,7838,5146
April,2019,137,220001433,3002670504,63055049,KRH,3,65,13
April,2019,138,220001433,3002670504,63055049,KVA,1,70,13104
April,2019,139,220001433,3002670504,63055049,KWH,2,10986,7212
April,2019,140,220001514,3002670564,84368262,KVA,1,70,13104
April,2019,141,220001514,3002670564,84368262,KWH,2,17732,11642
April,2019,142,220001842,3002673774,98369507,KRH,3,722,142
April,2019,143,220001842,3002673774,98369507,KVA,1,70,13104
April,2019,144,220001842,3002673774,98369507,KWH,2,10788,7082
April,2019,145,220002067,3002667653,80395516,KRH,3,2665,523
April,2019,146,220002067,3002667653,80395516,KVA,1,387,72467
April,2019,147,220002067,3002667653,80395516,KWH,2,78380,51456
April,2019,148,220002282,3002671649,63021753,KRH,3,15931,3127
April,2019,149,220002282,3002671649,63021753,KVA,1,216,40548
April,2019,150,220002282,3002671649,63021753,KWH,2,119120,78202
April,2019,151,220002317,3002671678,63034025,KRH,3,35,7
April,2019,152,220002317,3002671678,63034025,KVA,1,130,24336
April,2019,153,220002317,3002671678,63034025,KWH,2,55052,36142
April,2019,154,220002349,3002674696,96948301,KRH,3,3741,734
April,2019,155,220002349,3002674696,96948301,KVA,1,81,15217
April,2019,156,220002349,3002674696,96948301,KWH,2,20096,13193
April,2019,157,220002363,3002674728,63036258,KRH,3,35109,6892
April,2019,158,220002363,3002674728,63036258,KVA,1,364,68253
April,2019,159,220002363,3002674728,63036258,KWH,2,270788,177772
April,2019,160,220002388,3002674745,80395336,KVA,1,258,48414
April,2019,161,220002388,3002674745,80395336,KWH,2,17732,11642
April,2019,162,220002395,3002674756,98453091,KRH,3,7438,1460
April,2019,163,220002395,3002674756,98453091,KVA,1,85,16011
April,2019,164,220002395,3002674756,98453091,KWH,2,57310,37624
April,2019,165,220002500,3002667759,80395546,KRH,3,12794,2512
April,2019,166,220002500,3002667759,80395546,KVA,1,227,42572
April,2019,167,220002500,3002667759,80395546,KWH,2,73304,48124
April,2019,168,220002780,3002671390,63034152,KRH,3,8480,1665
April,2019,169,220002780,3002671390,63034152,KVA,1,82,15369
April,2019,170,220002780,3002671390,63034152,KWH,2,52958,34767
April,2019,171,220002853,3002671448,63172386,KVA,1,70,13104
April,2019,172,220002853,3002671448,63172386,KWH,2,29820,19577
April,2019,173,220003550,3002672203,99633133,KVA,1,70,13104
April,2019,174,220003550,3002672203,99633133,KWH,2,15680,10294
April,2019,175,220003695,3002667152,63021533,KVA,1,187,35156
April,2019,176,220003695,3002667152,63021533,KWH,2,112486,73847
April,2019,177,220004353,3003007921,83834616,KVA,1,162,30413
April,2019,178,220004353,3003007921,83834616,KWH,2,84732,55627
April,2019,179,220004716,3002652854,96948427,KRH,3,11156,2190
April,2019,180,220004716,3002652854,96948427,KVA,1,264,49471
April,2019,181,220004716,3002652854,96948427,KWH,2,60650,39817
April,2019,182,220004794,3002668692,98369273,KRH,3,5571,1094
April,2019,183,220004794,3002668692,98369273,KVA,1,172,32333
April,2019,184,220004794,3002668692,98369273,KWH,2,101694,66762
April,2019,185,220004804,3002668695,63029422,KVA,1,70,13104
April,2019,186,220004804,3002668695,63029422,KWH,2,76,50
April,2019,187,220004850,3002668723,80395155,KVA,1,73,13802
April,2019,188,220004850,3002668723,80395155,KWH,2,65086,42729
April,2019,189,220004868,3002677026,96879749,KRH,3,43259,8492
April,2019,190,220004868,3002677026,96879749,KVA,1,965,180648
April,2019,191,220004868,3002677026,96879749,KWH,2,722076,474043
April,2019,192,220004917,3002668765,85750313,KRH,3,453,89
April,2019,193,220004917,3002668765,85750313,KVA,1,70,13104
April,2019,194,220004917,3002668765,85750313,KWH,2,1128,741
April,2019,195,220005300,3003565360,85750132,KVA,1,970,181584
April,2019,196,220005300,3003565360,85750132,KWH,2,44000,28886
April,2019,197,220005540,3002669118,98368005,KRH,3,1503,295
April,2019,198,220005540,3002669118,98368005,KVA,1,149,27917
April,2019,199,220005540,3002669118,98368005,KWH,2,76140,49986
April,2019,200,220005614,3002669141,80395168,KVA,1,273,51106
April,2019,201,220005614,3002669141,80395168,KWH,2,88964,58405
April,2019,202,220005879,3002669265,85189539,KRH,3,1807,355
April,2019,203,220005879,3002669265,85189539,KVA,1,119,22277
April,2019,204,220005879,3002669265,85189539,KWH,2,20374,13376
April,2019,205,220006008,3002672737,94918029,KRH,3,946,186
April,2019,206,220006008,3002672737,94918029,KVA,1,70,13104
April,2019,207,220006008,3002672737,94918029,KWH,2,18386,12070
April,2019,208,220006015,3002672740,98370206,KRH,3,1588,312
April,2019,209,220006015,3002672740,98370206,KVA,1,86,16266
April,2019,210,220006015,3002672740,98370206,KWH,2,24958,16385
April,2019,211,220006086,3002672778,80395554,KVA,1,150,28081
April,2019,212,220006086,3002672778,80395554,KWH,2,44352,29117
April,2019,213,220006488,3002668190,63021692,KVA,1,76,14327
April,2019,214,220006488,3002668190,63021692,KWH,2,31510,20686
April,2019,215,220006544,3002668219,80395276,KRH,3,17424,3420
April,2019,216,220006544,3002668219,80395276,KVA,1,286,53629
April,2019,217,220006544,3002668219,80395276,KWH,2,80890,53104
April,2019,218,220006590,3002668240,63034999,KRH,3,2251,442
April,2019,219,220006590,3002668240,63034999,KVA,1,70,13104
April,2019,220,220006590,3002668240,63034999,KWH,2,13640,8955
April,2019,221,220006600,3002668246,83834622,KVA,1,542,101462
April,2019,222,220006600,3002668246,83834622,KWH,2,171492,112585
April,2019,223,220006745,3002676680,83834620,KVA,1,549,102773
April,2019,224,220006745,3002676680,83834620,KWH,2,194972,127999
April,2019,225,220006978,3003519679,98368820,KRH,3,2037,400
April,2019,226,220006978,3003519679,98368820,KVA,1,133,24898
April,2019,227,220006978,3003519679,98368820,KWH,2,27658,18159
April,2019,228,220007080,3002672073,93750599,KRH,3,4171,819
April,2019,229,220007080,3002672073,93750599,KVA,1,173,32495
April,2019,230,220007080,3002672073,93750599,KWH,2,17024,11176
April,2019,231,220007114,3002674897,63036392,KRH,3,469,92
April,2019,232,220007114,3002674897,63036392,KVA,1,70,13104
April,2019,233,220007114,3002674897,63036392,KWH,2,1858,1220
April,2019,234,220007259,3003533923,95680987,KRH,3,14595,2865
April,2019,235,220007259,3003533923,95680987,KVA,1,90,16957
April,2019,236,220007259,3003533923,95680987,KWH,2,79928,52473
April,2019,237,220007523,3002670763,98449069,KRH,3,12349,2424
April,2019,238,220007523,3002670763,98449069,KVA,1,156,29203
April,2019,239,220007523,3002670763,98449069,KWH,2,5528,3629
April,2019,240,220007918,3002674164,63012491,KVA,1,74,14003
April,2019,241,220007918,3002674164,63012491,KWH,2,194498,127689
April,2019,242,220008140,3002651800,83834587,KRH,3,11500,2257
April,2019,243,220008140,3002651800,83834587,KVA,1,341,63898
April,2019,244,220008140,3002651800,83834587,KWH,2,90000,59085
April,2019,245,220008580,3002668952,63031915,KRH,3,5538,1087
April,2019,246,220008580,3002668952,63031915,KVA,1,125,23494
April,2019,247,220008580,3002668952,63031915,KWH,2,32494,21332
April,2019,248,220008622,3002668973,96948254,KRH,3,1200,236
April,2019,249,220008622,3002668973,96948254,KVA,1,111,20859
April,2019,250,220008622,3002668973,96948254,KWH,2,11664,7657
April,2019,251,220008630,3002668980,93708211,KRH,3,33923,6659
April,2019,252,220008630,3002668980,93708211,KVA,1,235,44155
April,2019,253,220008630,3002668980,93708211,KWH,2,149286,98006
April,2019,254,220008686,3002669000,96948376,KRH,3,800,157
April,2019,255,220008686,3002669000,96948376,KVA,1,70,13104
April,2019,256,220008686,3002669000,96948376,KWH,2,8000,5252
April,2019,257,220008693,3002669007,93708179,KRH,3,4427,869
April,2019,258,220008693,3002669007,93708179,KVA,1,117,22033
April,2019,259,220008693,3002669007,93708179,KWH,2,47956,31483
April,2019,260,220008728,3002669025,63029803,KVA,1,70,13104
April,2019,261,220008728,3002669025,63029803,KWH,2,17732,11642
April,2019,262,220008870,3002669069,93708266,KVA,1,76,14227
April,2019,263,220008870,3002669069,93708266,KWH,2,18000,11817
April,2019,264,220009312,3002672412,63036017,KVA,1,70,13104
April,2019,265,220009312,3002672412,63036017,KWH,2,59376,38982
April,2019,266,220009721,3002653240,83834528,KVA,1,89,16748
April,2019,267,220009721,3002653240,83834528,KWH,2,52000,34138
April,2019,268,220010124,3002669825,98453332,KVA,1,91,17113
April,2019,269,220010124,3002669825,98453332,KWH,2,36352,23865
April,2019,270,220010639,3002667986,63028878,KRH,3,6260,1229
April,2019,271,220010639,3002667986,63028878,KVA,1,72,13535
April,2019,272,220010639,3002667986,63028878,KWH,2,18762,12317
April,2019,273,220010741,3002668057,80395676,KRH,3,680,134
April,2019,274,220010741,3002668057,80395676,KVA,1,70,13104
April,2019,275,220010741,3002668057,80395676,KWH,2,5062,3323
April,2019,276,220010822,3002671718,93750773,KRH,3,371,73
April,2019,277,220010822,3002671718,93750773,KVA,1,150,28080
April,2019,278,220010822,3002671718,93750773,KWH,2,41868,27486
April,2019,279,220010928,3002671782,63038535,KRH,3,2706,531
April,2019,280,220010928,3002671782,63038535,KVA,1,98,18514
April,2019,281,220010928,3002671782,63038535,KWH,2,20602,13525
April,2019,282,220010967,3002671812,63029207,KRH,3,2201,432
April,2019,283,220010967,3002671812,63029207,KVA,1,112,21004
April,2019,284,220010967,3002671812,63029207,KWH,2,14990,9841
April,2019,285,220011054,3002671889,80395740,KRH,3,7100,1394
April,2019,286,220011054,3002671889,80395740,KWH,2,46000,30199
April,2019,287,220011086,3003167462,84368497,KRH,3,47900,9403
April,2019,288,220011086,3003167462,84368497,KVA,1,1143,213970
April,2019,289,220011086,3003167462,84368497,KWH,2,874000,573781
April,2019,290,220011174,3002652402,83834607,KRH,3,1907,375
April,2019,291,220011174,3002652402,83834607,KVA,1,88,16529
April,2019,292,220011174,3002652402,83834607,KWH,2,15794,10369
April,2019,293,220011230,3002652447,63054886,KRH,3,19047,3739
April,2019,294,220011230,3002652447,63054886,KVA,1,264,49458
April,2019,295,220011230,3002652447,63054886,KWH,2,71752,47105
April,2019,296,220011270,3002652469,63054690,KRH,3,991,195
April,2019,297,220011270,3002652469,63054690,KVA,1,124,23308
April,2019,298,220011270,3002652469,63054690,KWH,2,34148,22418
April,2019,299,220011336,3002670521,85750396,KRH,3,7989,1568
April,2019,300,220011336,3002670521,85750396,KVA,1,200,37442
April,2019,301,220011336,3002670521,85750396,KWH,2,66566,43701
April,2019,302,220011470,3002670577,98369795,KRH,3,22255,4369
April,2019,303,220011470,3002670577,98369795,KVA,1,330,61905
April,2019,304,220011470,3002670577,98369795,KWH,2,92968,61033
April,2019,305,220011689,3002673698,98453121,KRH,3,2130,418
April,2019,306,220011689,3002673698,98453121,KVA,1,70,13104
April,2019,307,220011689,3002673698,98453121,KWH,2,14074,9240
April,2019,308,220011921,3002667527,63034282,KVA,1,133,25070
April,2019,309,220011921,3002667527,63034282,KWH,2,20930,13741
April,2019,310,220011939,3002667539,99632844,KVA,1,70,13104
April,2019,311,220011939,3002667539,99632844,KWH,2,2594,1703
April,2019,312,220011978,3002667571,63032012,KVA,1,122,22863
April,2019,313,220011978,3002667571,63032012,KWH,2,22180,14561
April,2019,314,220012033,3002667614,98453130,KVA,1,70,13104
April,2019,315,220012033,3002667614,98453130,KWH,2,92,60
April,2019,316,220012097,3002667658,95618393,KVA,1,187,35119
April,2019,317,220012097,3002667658,95618393,KWH,2,194914,127961
April,2019,318,220012107,3002667663,98370873,KVA,1,313,58668
April,2019,319,220012107,3002667663,98370873,KWH,2,184700,121256
April,2019,320,220012114,3002667668,96949085,KRH,3,13613,2672
April,2019,321,220012114,3002667668,96949085,KVA,1,167,31419
April,2019,322,220012114,3002667668,96949085,KWH,2,97772,64187
April,2019,323,220012146,3002671494,80395405,KVA,1,326,61150
April,2019,324,220012146,3002671494,80395405,KWH,2,254032,144750
April,2019,325,220012315,3002671650,80395368,KRH,3,7200,1413
April,2019,326,220012315,3002671650,80395368,KVA,1,700,131040
April,2019,327,220012315,3002671650,80395368,KWH,2,32000,21008
April,2019,328,220012403,3002674743,80395504,KVA,1,108,19019
April,2019,329,220012403,3002674743,80395504,KWH,2,70000,43040
April,2019,330,220012467,3003535463,98449070,KRH,3,242600,47622
April,2019,331,220012467,3003535463,98449070,KVA,1,2460,430426
April,2019,332,220012467,3003535463,98449070,KWH,2,2016000,1239538
April,2019,333,220012700,3002671333,98452846,KRH,3,3711,729
April,2019,334,220012700,3002671333,98452846,KVA,1,107,20105
April,2019,335,220012700,3002671333,98452846,KWH,2,25952,17037
April,2019,336,220012717,3002671342,80395293,KVA,1,616,115414
April,2019,337,220012717,3002671342,80395293,KWH,2,361196,237125
April,2019,338,220012795,3002671395,80395348,KVA,1,172,32198
April,2019,339,220012795,3002671395,80395348,KWH,2,13670,8975
April,2019,340,220012844,3002671431,80395835,KVA,1,405,75928
April,2019,341,220012844,3002671431,80395835,KWH,2,249206,163604
April,2019,342,220012869,3002671458,63021064,KVA,1,70,13104
April,2019,343,220012869,3002671458,63021064,KWH,2,1884,1237
April,2019,344,220012876,3002671461,63035740,KRH,3,242,48
April,2019,345,220012876,3002671461,63035740,KVA,1,116,21875
April,2019,346,220012876,3002671461,63035740,KWH,2,22090,14502
April,2019,347,220012918,3002674492,98368709,KRH,3,10247,2012
April,2019,348,220012918,3002674492,98368709,KVA,1,172,32292
April,2019,349,220012918,3002674492,98368709,KWH,2,37432,24574
April,2019,350,220012925,3002674498,98452845,KRH,3,11704,2298
April,2019,351,220012925,3002674498,98452845,KVA,1,418,78268
April,2019,352,220012925,3002674498,98452845,KWH,2,76596,50285
April,2019,353,220013012,3003534543,80395179,KRH,3,1315,258
April,2019,354,220013012,3003534543,80395179,KVA,1,95,17823
April,2019,355,220013012,3003534543,80395179,KWH,2,17016,11171
April,2019,356,220013140,3003566008,93750736,KVA,1,97,18251
April,2019,357,220013196,3002654265,98370450,KRH,3,944,185
April,2019,358,220013196,3002654265,98370450,KVA,1,70,13104
April,2019,359,220013196,3002654265,98370450,KWH,2,3864,2537
April,2019,360,220013333,3002668373,96948369,KVA,1,266,49835
April,2019,361,220013333,3002668373,96948369,KWH,2,209066,137252
April,2019,362,220013950,3002667226,63034049,KRH,3,11267,2212
April,2019,363,220013950,3002667226,63034049,KVA,1,94,17690
April,2019,364,220013950,3002667226,63034049,KWH,2,47156,30958
April,2019,365,220014136,3002671130,80395319,KVA,1,249,46781
April,2019,366,220014136,3002671130,80395319,KWH,2,108756,71398
April,2019,367,220014143,3002671139,94965922,KVA,1,70,13104
April,2019,368,220014143,3002671139,94965922,KWH,2,15264,10021
April,2019,369,220014714,3002652809,99632952,KRH,3,6198,1217
April,2019,370,220014714,3002652809,99632952,KVA,1,76,14392
April,2019,371,220014714,3002652809,99632952,KWH,2,37126,24373
April,2019,372,220014785,3002652830,98368631,KRH,3,638,125
April,2019,373,220014785,3002652830,98368631,KVA,1,70,13104
April,2019,374,220014785,3002652830,98368631,KWH,2,4164,2734
April,2019,375,220015482,3002652015,63034934,KRH,3,5479,1076
April,2019,376,220015482,3002652015,63034934,KVA,1,223,41839
April,2019,377,220015482,3002652015,63034934,KWH,2,156752,102908
April,2019,378,220015845,3002676614,63020416,KVA,1,76,14272
April,2019,379,220015845,3002676614,63020416,KWH,2,38584,25330
April,2019,380,220015852,3003533611,99632838,KVA,1,210,39349
April,2019,381,220015852,3003533611,99632838,KWH,2,125508,82396
April,2019,382,220015980,3002672693,80395558,KRH,3,2901,570
April,2019,383,220015980,3002672693,80395558,KVA,1,167,31295
April,2019,384,220015980,3002672693,80395558,KWH,2,12170,7990
April,2019,385,220016013,3002672701,80395560,KVA,1,1046,195811
April,2019,386,220016013,3002672701,80395560,KWH,2,796756,523070
April,2019,387,220016020,3002672708,85750066,KVA,1,88,16474
April,2019,388,220016020,3002672708,85750066,KWH,2,23092,15157
April,2019,389,220016038,3002672710,63029360,KVA,1,70,13104
April,2019,390,220016197,3002676634,80395300,KRH,3,32167,6314
April,2019,391,220016197,3002676634,80395300,KVA,1,661,123739
April,2019,392,220016197,3002676634,80395300,KWH,2,625792,410832
April,2019,393,220016260,3002672830,80395463,KVA,1,75,14089
April,2019,394,220016260,3002672830,80395463,KWH,2,47538,31209
April,2019,395,220016503,3002668143,63193387,KVA,1,127,23943
April,2019,396,220016503,3002668143,63193387,KWH,2,54940,36068
April,2019,397,220016567,3003412021,63030034.,KVA,1,134,25085
April,2019,398,220016567,3003412021,63030034.,KWH,2,42810,28105
April,2019,399,220016574,3002668179,98369973,KRH,3,938,184
April,2019,400,220016574,3002668179,98369973,KVA,1,70,13104
April,2019,401,220016574,3002668179,98369973,KWH,2,17290,11351
April,2019,402,220016609,3002668191,80395275,KRH,3,396,78
April,2019,403,220016609,3002668191,80395275,KVA,1,70,13104
April,2019,404,220016609,3002668191,80395275,KWH,2,2342,1538
April,2019,405,220016951,3002671978,98452857,KRH,3,18216,3576
April,2019,406,220016951,3002671978,98452857,KVA,1,188,35333
April,2019,407,220016951,3002671978,98452857,KWH,2,66654,43758
April,2019,408,220017017,3002672014,98453629,KRH,3,3989,783
April,2019,409,220017017,3002672014,98453629,KVA,1,70,13104
April,2019,410,220017017,3002672014,98453629,KWH,2,15724,10323
April,2019,411,220017031,3002672025,98369683,KRH,3,35060,6882
April,2019,412,220017031,3002672025,98369683,KVA,1,314,58904
April,2019,413,220017031,3002672025,98369683,KWH,2,206658,135671
April,2019,414,220017056,3002672033,63020769,KRH,3,1117,219
April,2019,415,220017056,3002672033,63020769,KVA,1,81,15320
April,2019,416,220017056,3002672033,63020769,KWH,2,23326,15314
April,2019,417,220017218,3002674918,93708221,KRH,3,232,46
April,2019,418,220017218,3002674918,93708221,KVA,1,172,32229
April,2019,419,220017218,3002674918,93708221,KWH,2,73914,48525
April,2019,420,220017320,3003533660,93708205,KRH,3,7174,1408
April,2019,421,220017320,3003533660,93708205,KVA,1,229,43046
April,2019,422,220017320,3003533660,93708205,KWH,2,104060,68315
April,2019,423,220017480,3002650878,85189596,KRH,3,594,117
April,2019,424,220017480,3002650878,85189596,KVA,1,70,13104
April,2019,425,220017480,3002650878,85189596,KWH,2,17618,11566
April,2019,426,220017546,3002670709,63021250,KRH,3,4970,976
April,2019,427,220017546,3002670709,63021250,KVA,1,88,16539
April,2019,428,220017546,3002670709,63021250,KWH,2,42016,27584
April,2019,429,220017627,3002670762,93750658,KVA,1,70,13104
April,2019,430,220017627,3002670762,93750658,KWH,2,2126,1396
April,2019,431,220017793,3002674101,83834782,KVA,1,285,53352
April,2019,432,220017793,3002674101,83834782,KWH,2,124412,81676
April,2019,433,220017923,3002674170,98370623,KRH,3,17,3
April,2019,434,220017923,3002674170,98370623,KVA,1,70,13104
April,2019,435,220017923,3002674170,98370623,KWH,2,86,56
April,2019,436,220018050,3002651764,83834833,KVA,1,70,13104
April,2019,437,220018050,3002651764,83834833,KWH,2,17732,11642
April,2019,438,220018081,3002676808,83834445,KVA,1,374,70050
April,2019,439,220018081,3002676808,83834445,KWH,2,168280,110476
April,2019,440,220018109,3002651784,351406001873,KRH,3,9325,1831
April,2019,441,220018109,3002651784,351406001873,KVA,1,104,19516
April,2019,442,220018109,3002651784,351406001873,KWH,2,17416,11434
April,2019,443,220018902,3003020474,98369676,KRH,3,12027,2361
April,2019,444,220018902,3003020474,98369676,KVA,1,593,111066
April,2019,445,220018902,3003020474,98369676,KWH,2,352972,231726
April,2019,446,220018910,3002669049,63031624,KRH,3,10533,2068
April,2019,447,220018910,3002669049,63031624,KVA,1,128,24111
April,2019,448,220018910,3002669049,63031624,KWH,2,74796,49104
April,2019,449,220018941,3002669062,98370096,KRH,3,9008,1768
April,2019,450,220018941,3002669062,98370096,KVA,1,86,16144
April,2019,451,220018941,3002669062,98370096,KWH,2,70428,46236
April,2019,452,220019198,3002676865,94918083,KRH,3,27604,5419
April,2019,453,220019198,3002676865,94918083,KVA,1,174,32629
April,2019,454,220019198,3002676865,94918083,KWH,2,133012,87322
April,2019,455,220019215,3002672376,83834784,KVA,1,480,89871
April,2019,456,220019215,3002672376,83834784,KWH,2,345982,227137
April,2019,457,220019222,3002672378,207701035,KRH,3,2671,524
April,2019,458,220019222,3002672378,207701035,KVA,1,70,13104
April,2019,459,220019222,3002672378,207701035,KWH,2,21728,14264
April,2019,460,220019423,3002653174,96948230,KRH,3,436,86
April,2019,461,220019423,3002653174,96948230,KVA,1,70,13104
April,2019,462,220019423,3002653174,96948230,KWH,2,9832,6455
April,2019,463,220019494,3002653202,63024787,KVA,1,70,13104
April,2019,464,220019494,3002653202,63024787,KWH,2,9234,6062
April,2019,465,220019818,3002676881,96948351,KRH,3,10349,2032
April,2019,466,220019818,3002676881,96948351,KVA,1,111,20815
April,2019,467,220019818,3002676881,96948351,KWH,2,68380,44891
April,2019,468,220019832,3002653285,207701046,KVA,1,99,18612
April,2019,469,220019832,3002653285,207701046,KWH,2,32300,21205
April,2019,470,220020080,3002676284,94918014,KRH,3,216,42
April,2019,471,220020080,3002676284,94918014,KVA,1,70,13104
April,2019,472,220020080,3002676284,94918014,KWH,2,15944,10467
April,2019,473,220020098,3002676285,63029744,KVA,1,70,13104
April,2019,474,220020098,3002676285,63029744,KWH,2,20932,13742
April,2019,475,220020242,3002676292,83834666,KVA,1,98,18470
April,2019,476,220020242,3002676292,83834666,KWH,2,38980,25590
April,2019,477,220020387,3002676299,96056280,KVA,1,100,18895
April,2019,478,220020387,3002676299,96056280,KWH,2,25314,16619
April,2019,479,220020404,3002676302,83834732,KVA,1,70,13104
April,2019,480,220020404,3002676302,83834732,KWH,2,17732,11642
April,2019,481,220020468,3002669770,98453093,KRH,3,2196,431
April,2019,482,220020468,3002669770,98453093,KVA,1,73,13812
April,2019,483,220020468,3002669770,98453093,KWH,2,29258,19208
April,2019,484,220020490,3002676313,93936787,KVA,1,134,25175
April,2019,485,220020490,3002676313,93936787,KWH,2,33204,21800
April,2019,486,220020531,3002676320,94918082,KRH,3,4955,973
April,2019,487,220020531,3002676320,94918082,KVA,1,70,13104
April,2019,488,220020531,3002676320,94918082,KWH,2,17688,11612
April,2019,489,220020690,3003533676,80395268,KVA,1,512,95846
April,2019,490,220020690,3003533676,80395268,KWH,2,386000,253409
April,2019,491,220020764,3002676348,93935251,KRH,3,1903,374
April,2019,492,220020764,3002676348,93935251,KVA,1,70,13104
April,2019,493,220020764,3002676348,93935251,KWH,2,2646,1737
April,2019,494,220020806,3002673354,93935211,KRH,3,745,146
April,2019,495,220020806,3002673354,93935211,KVA,1,70,13104
April,2019,496,220020806,3002673354,93935211,KWH,2,8282,5437
April,2019,497,220020940,3002650063,98370405,KVA,1,70,13104
April,2019,498,220020940,3002650063,98370405,KWH,2,18078,11868
April,2019,499,220020958,3002676356,85750223,KRH,3,419,82
April,2019,500,220020958,3002676356,85750223,KVA,1,70,13218
April,2019,501,220020958,3002676356,85750223,KWH,2,8526,5597
April,2019,502,220020997,3002667890,93935233,KVA,1,70,13104
April,2019,503,220020997,3002667890,93935233,KWH,2,23874,15673
April,2019,504,220021165,3002667974,98369178,KRH,3,2676,525
April,2019,505,220021165,3002667974,98369178,KVA,1,88,16590
April,2019,506,220021165,3002667974,98369178,KWH,2,11982,7866
April,2019,507,220021239,3002667999,63032117,KRH,3,1707,335
April,2019,508,220021239,3002667999,63032117,KVA,1,70,13104
April,2019,509,220021239,3002667999,63032117,KWH,2,21694,14242
April,2019,510,220021366,3002668084,98453277,KVA,1,70,13104
April,2019,511,220021366,3002668084,98453277,KWH,2,14778,9702
April,2019,512,220021454,3002671765,93936643,KVA,1,167,31375
April,2019,513,220021454,3002671765,93936643,KWH,2,110090,72274
April,2019,514,220021493,3002671795,63021719,KRH,3,4734,929
April,2019,515,220021493,3002671795,63021719,KVA,1,70,13104
April,2019,516,220021493,3002671795,63021719,KWH,2,20304,13330
April,2019,517,220021648,3002675095,63012245,KVA,1,70,13104
April,2019,518,220021648,3002675095,63012245,KWH,2,8464,5557
April,2019,519,220021711,3002652351,80395839,KVA,1,145,27299
April,2019,520,220021711,3002652351,80395839,KWH,2,64470,42325
April,2019,521,220021729,3002652353,80395103,KRH,3,3097,608
April,2019,522,220021729,3002652353,80395103,KVA,1,207,38750
April,2019,523,220021729,3002652353,80395103,KWH,2,107574,70623
April,2019,524,220021750,3002652366,98453038,KVA,1,83,15577
April,2019,525,220021750,3002652366,98453038,KWH,2,30874,20269
April,2019,526,220021782,3002652388,98368108,KVA,1,180,33800
April,2019,527,220021782,3002652388,98368108,KWH,2,82524,54177
April,2019,528,220021790,3002652397,98370567,KVA,1,70,13104
April,2019,529,220021790,3002652397,98370567,KWH,2,43140,28321
April,2019,530,220021937,3002670520,63020316,KVA,1,70,13104
April,2019,531,220021937,3002670520,63020316,KWH,2,17732,11642
April,2019,532,220022507,3002667575,98452729,KVA,1,90,16948
April,2019,533,220022507,3002667575,98452729,KWH,2,37770,24796
April,2019,534,220022514,3002667594,98370674,KRH,3,773,152
April,2019,535,220022514,3002667594,98370674,KVA,1,70,13104
April,2019,536,220022514,3002667594,98370674,KWH,2,18806,12346
April,2019,537,220022585,3002676459,98369177,KRH,3,154200,30269
April,2019,538,220022585,3002676459,98369177,KVA,1,2070,387504
April,2019,539,220022585,3002676459,98369177,KWH,2,1672000,1097668
April,2019,540,220023518,3002674570,80395437,KRH,3,855,168
April,2019,541,220023518,3002674570,80395437,KVA,1,122,22843
April,2019,542,220023518,3002674570,80395437,KWH,2,19462,12777
April,2019,543,220023571,3002654217,98370333,KVA,1,70,13104
April,2019,544,220023571,3002654217,98370333,KWH,2,12570,8252
April,2019,545,220023589,3002654228,93708080,KVA,1,70,13104
April,2019,546,220023589,3002654228,93708080,KWH,2,16922,11109
April,2019,547,220023797,3002668378,63034244,KVA,1,70,13104
April,2019,548,220023797,3002668378,63034244,KWH,2,44764,29388
April,2019,549,220023807,3002705295,63054850,KVA,1,78,14658
April,2019,550,220023807,3002705295,63054850,KWH,2,67446,44278
April,2019,551,220023910,3002668481,98452810,KRH,3,1662,326
April,2019,552,220023910,3002668481,98452810,KVA,1,99,18533
April,2019,553,220023910,3002668481,98452810,KWH,2,24198,15886
April,2019,554,220023966,3002672108,63030015,KRH,3,1231,242
April,2019,555,220023966,3002672108,63030015,KVA,1,77,14427
April,2019,556,220023966,3002672108,63030015,KWH,2,13802,9061
April,2019,557,220024046,3002672165,93935332,KVA,1,70,13104
April,2019,558,220024046,3002672165,93935332,KWH,2,13082,8588
April,2019,559,220024092,3002672199,63035972,KVA,1,70,13104
April,2019,560,220024092,3002672199,63035972,KWH,2,27704,18188
April,2019,561,220024342,3002667179,80395458,KVA,1,397,74318
April,2019,562,220024342,3002667179,80395458,KWH,2,17732,11642
April,2019,563,220024350,3002667183,63021770,KVA,1,285,53464
April,2019,564,220024350,3002667183,63021770,KWH,2,231150,151750
April,2019,565,220024470,3002667242,207739494,KRH,3,4374,859
April,2019,566,220024470,3002667242,207739494,KVA,1,70,13104
April,2019,567,220024470,3002667242,207739494,KWH,2,23208,15236
April,2019,568,220024504,3002667255,63191920,KVA,1,70,13104
April,2019,569,220024504,3002667255,63191920,KWH,2,93058,61093
April,2019,570,220024536,3002667274,63021800,KVA,1,70,13104
April,2019,571,220024536,3002667274,63021800,KWH,2,14436,9477
April,2019,572,220024550,3002667284,63029024,KRH,3,6659,1307
April,2019,573,220024550,3002667284,63029024,KVA,1,149,27980
April,2019,574,220024550,3002667284,63029024,KWH,2,39362,25841
April,2019,575,220024582,3002671109,207701505,KVA,1,70,13104
April,2019,576,220024582,3002671109,207701505,KWH,2,64812,42549
April,2019,577,220024656,3002671159,207742229,KRH,3,19497,3827
April,2019,578,220024656,3002671159,207742229,KVA,1,120,22529
April,2019,579,220024656,3002671159,207742229,KWH,2,89992,59080
April,2019,580,220024720,3002671203,96948416,KRH,3,17874,3509
April,2019,581,220024720,3002671203,96948416,KVA,1,105,19789
April,2019,582,220024720,3002671203,96948416,KWH,2,105598,69325
April,2019,583,220024737,3002671209,63029492,KRH,3,28982,5689
April,2019,584,220024737,3002671209,63029492,KVA,1,660,123552
April,2019,585,220024737,3002671209,63029492,KWH,2,451294,296275
April,2019,586,220024776,3002671242,98452905,KVA,1,157,29529
April,2019,587,220024776,3002671242,98452905,KWH,2,20080,13183
April,2019,588,220024800,3002671251,83834481,KRH,3,18628,3657
April,2019,589,220024800,3002671251,83834481,KVA,1,309,57845
April,2019,590,220024800,3002671251,83834481,KWH,2,96282,63209
April,2019,591,220024818,3002671257,80395123,KRH,3,7703,1512
April,2019,592,220024818,3002671257,80395123,KVA,1,264,49451
April,2019,593,220024818,3002671257,80395123,KWH,2,86070,56505
April,2019,594,220024825,3002671263,63030079,KRH,3,2323,456
April,2019,595,220024825,3002671263,63030079,KVA,1,144,27032
April,2019,596,220024825,3002671263,63030079,KWH,2,28632,18797
April,2019,597,220024871,3002676581,63020652,KVA,1,77,14577
April,2019,598,220024871,3002676581,63020652,KWH,2,863832,567106
April,2019,599,220024938,3003592384,98369663,KRH,3,2713,533
April,2019,600,220024938,3003592384,98369663,KVA,1,92,17222
April,2019,601,220024938,3003592384,98369663,KWH,2,25414,16684
April,2019,602,220025089,3003519464,63029347,KVA,1,70,13104
April,2019,603,220025089,3003519464,63029347,KWH,2,12844,8432
April,2019,604,220025160,3002652771,63021123,KVA,1,288,54063
April,2019,605,220025160,3002652771,63021123,KWH,2,590,387
April,2019,606,220025233,3002652801,63029832,KVA,1,70,13104
April,2019,607,220025233,3002652801,63029832,KWH,2,9434,6193
April,2019,608,220025240,3002652807,63038288,KRH,3,188,37
April,2019,609,220025240,3002652807,63038288,KVA,1,80,14976
April,2019,610,220025240,3002652807,63038288,KWH,2,2392,1571
April,2019,611,220025272,3002652819,93936467,KRH,3,4079,801
April,2019,612,220025272,3002652819,93936467,KVA,1,119,22333
April,2019,613,220025272,3002652819,93936467,KWH,2,70236,46110
April,2019,614,220025459,3002668700,63029522,KRH,3,2226,437
April,2019,615,220025459,3002668700,63029522,KVA,1,191,35905
April,2019,616,220025459,3002668700,63029522,KWH,2,47328,31071
April,2019,617,220025498,3002668725,98369185,KVA,1,241,45282
April,2019,618,220025498,3002668725,98369185,KWH,2,98140,64429
April,2019,619,220025530,3002668743,94918095,KRH,3,51369,10084
April,2019,620,220025530,3002668743,94918095,KVA,1,354,66435
April,2019,621,220025530,3002668743,94918095,KWH,2,174916,114832
April,2019,622,220025603,3002676598,83834730,KVA,1,70,13104
April,2019,623,220025603,3002676598,83834730,KWH,2,24140,15848
April,2019,624,220025610,3002668781,98368177,KRH,3,886,174
April,2019,625,220025610,3002668781,98368177,KVA,1,137,25650
April,2019,626,220025610,3002668781,98368177,KWH,2,53200,34927
April,2019,627,220025635,3002668788,63034293,KVA,1,338,63279
April,2019,628,220025635,3002668788,63034293,KWH,2,59234,38887
April,2019,629,220025882,3002672550,93614477,KRH,3,1662,326
April,2019,630,220025882,3002672550,93614477,KVA,1,88,16646
April,2019,631,220025882,3002672550,93614477,KWH,2,21694,14242
April,2019,632,220025924,3002672565,63030137,KVA,1,72,13628
April,2019,633,220025924,3002672565,63030137,KWH,2,40348,26488
April,2019,634,220025963,3002672595,98369546,KVA,1,70,13104
April,2019,635,220025963,3002672595,98369546,KWH,2,12498,8205
April,2019,636,220025995,3002676608,93707929,KRH,3,1683,330
April,2019,637,220025995,3002676608,93707929,KVA,1,92,17379
April,2019,638,220025995,3002676608,93707929,KWH,2,25586,16797
April,2019,639,220026702,3002672805,93750729,KVA,1,70,13104
April,2019,640,220026702,3002672805,93750729,KWH,2,38340,25170
April,2019,641,220026727,3002672818,83834466,KRH,3,5624568,1039335
April,2019,642,220026727,3002672818,83834466,KVA,1,309,57882
April,2019,643,220026935,3002668136,80395572,KRH,3,989,194
April,2019,644,220026935,3002668136,80395572,KVA,1,202,37852
April,2019,645,220026935,3002668136,80395572,KWH,2,134598,88364
April,2019,646,220026950,3002668155,98368321,KRH,3,2422,476
April,2019,647,220026950,3002668155,98368321,KVA,1,89,16787
April,2019,648,220026950,3002668155,98368321,KWH,2,38160,25052
April,2019,649,220026967,3002668158,98369905,KVA,1,70,13104
April,2019,650,220026967,3002668158,98369905,KWH,2,58626,38488
April,2019,651,220027248,3002671909,93707973,KVA,1,79,14875
April,2019,652,220027248,3002671909,93707973,KWH,2,45684,29992
April,2019,653,220027294,3002671936,63032002,KVA,1,70,13104
April,2019,654,220027294,3002671936,63032002,KWH,2,87644,57538
April,2019,655,220027304,3002671938,99632878,KRH,3,1103,217
April,2019,656,220027304,3002671938,99632878,KVA,1,70,13104
April,2019,657,220027304,3002671938,99632878,KWH,2,6936,4553
April,2019,658,220027329,3002671953,98453249,KRH,3,6863,1347
April,2019,659,220027329,3002671953,98453249,KVA,1,70,13104
April,2019,660,220027329,3002671953,98453249,KWH,2,19692,12928
April,2019,661,220027625,3002674914,207734848,KRH,3,2036,400
April,2019,662,220027625,3002674914,207734848,KVA,1,70,13104
April,2019,663,220027625,3002674914,207734848,KWH,2,17520,11502
April,2019,664,220027833,3002650817,93750772,KRH,3,8729,1714
April,2019,665,220027833,3002650817,93750772,KVA,1,157,29454
April,2019,666,220027833,3002650817,93750772,KWH,2,112744,74016
April,2019,667,220027840,3002650822,63029795,KRH,3,709,139
April,2019,668,220027840,3002650822,63029795,KVA,1,150,28155
April,2019,669,220027840,3002650822,63029795,KWH,2,42560,27941
April,2019,670,220027960,3002676739,93707984,KVA,1,108,20341
April,2019,671,220027960,3002676739,93707984,KWH,2,51550,33843
April,2019,672,220027985,3002650883,63192918,KRH,3,4145,814
April,2019,673,220027985,3002650883,63192918,KVA,1,211,39587
April,2019,674,220027985,3002650883,63192918,KWH,2,43688,28681
April,2019,675,220028058,3002670721,63055041,KRH,3,33348,6546
April,2019,676,220028058,3002670721,63055041,KVA,1,304,56928
April,2019,677,220028058,3002670721,63055041,KWH,2,189566,124450
April,2019,678,220028153,3002670793,94918069,KVA,1,70,13104
April,2019,679,220028153,3002670793,94918069,KWH,2,10064,6607
April,2019,680,220028160,3002676762,63029819,KVA,1,214,40221
April,2019,681,220028160,3002676762,63029819,KWH,2,168622,110700
April,2019,682,220028227,3002670837,63029783,KRH,3,9739,1912
April,2019,683,220028227,3002670837,63029783,KVA,1,492,92177
April,2019,684,220028227,3002670837,63029783,KWH,2,399828,262487
April,2019,685,220028241,3002675503,63192885,KVA,1,70,13104
April,2019,686,220028241,3002675503,63192885,KWH,2,21988,14435
April,2019,687,220028273,3002874737,96948009,KRH,3,305900,60048
April,2019,688,220028273,3002874737,96948009,KVA,1,1800,314946
April,2019,689,220028273,3002874737,96948009,KWH,2,594000,365221
April,2019,690,220028315,3002670877,207700361,KRH,3,561,110
April,2019,691,220028315,3002670877,207700361,KVA,1,70,13104
April,2019,692,220028315,3002670877,207700361,KWH,2,33660,22098
April,2019,693,220028467,3003565834,63029406,KRH,3,2128,418
April,2019,694,220028467,3003565834,63029406,KVA,1,115,21528
April,2019,695,220028467,3003565834,63029406,KWH,2,127682,83824
April,2019,696,220028481,3002676790,96947988,KVA,1,1900,332443
April,2019,697,220028481,3002676790,96947988,KWH,2,604000,371369
April,2019,698,220028587,3003519798,98370632,KRH,3,72915,14313
April,2019,699,220028587,3003519798,98370632,KVA,1,829,155189
April,2019,700,220028587,3003519798,98370632,KWH,2,584644,383818
April,2019,701,220028724,3002651830,63034069,KVA,1,170,31843
April,2019,702,220028724,3002651830,63034069,KWH,2,95250,62532
April,2019,703,220028876,3002651870,63035927,KRH,3,1717,337
April,2019,704,220028876,3002651870,63035927,KVA,1,76,14340
April,2019,705,220028876,3002651870,63035927,KWH,2,31884,20932
April,2019,706,220028883,3002651875,80395512,KVA,1,262,49138
April,2019,707,220028883,3002651875,80395512,KWH,2,87364,57354
April,2019,708,220029044,3002668932,63036005,KVA,1,147,27556
April,2019,709,220029044,3002668932,63036005,KWH,2,98712,64804
April,2019,710,220029245,3003437654,63029670,KRH,3,19406,3810
April,2019,711,220029245,3003437654,63029670,KVA,1,410,76846
April,2019,712,220029245,3003437654,63029670,KWH,2,269102,176665
April,2019,713,220029478,3002669078,63054679.,KRH,3,1747,343
April,2019,714,220029478,3002669078,63054679.,KVA,1,70,13179
April,2019,715,220029478,3002669078,63054679.,KWH,2,42046,27603
April,2019,716,220029492,3002669088,99632893,KVA,1,88,16596
April,2019,717,220029492,3002669088,99632893,KWH,2,37308,24493
April,2019,718,220029510,3002672300,63031929,KVA,1,117,22015
April,2019,719,220029510,3002672300,63031929,KWH,2,26848,17626
April,2019,720,220029710,3002672368,63034709,KRH,3,1406,276
April,2019,721,220029710,3002672368,63034709,KVA,1,70,13104
April,2019,722,220029710,3002672368,63034709,KWH,2,23926,15707
April,2019,723,220030346,3002673172,63021306,KVA,1,116,21771
April,2019,724,220030346,3002673172,63021306,KWH,2,142556,93588
April,2019,725,220030650,3002652638,63021230,KVA,1,171,32168
April,2019,726,220030650,3002652638,63021230,KWH,2,50224,32972
April,2019,727,220031043,3002669857,63038487,KRH,3,6025,1183
April,2019,728,220031043,3002669857,63038487,KVA,1,116,21835
April,2019,729,220031043,3002669857,63038487,KWH,2,61664,40482
April,2019,730,220031117,3002673292,63038418,KRH,3,17315,3399
April,2019,731,220031117,3002673292,63038418,KVA,1,381,71342
April,2019,732,220031117,3002673292,63038418,KWH,2,47680,31302
April,2019,733,220031580,3002676373,80395409,KRH,3,12800,2513
April,2019,734,220031580,3002676373,80395409,KVA,1,974,182333
April,2019,735,220031580,3002676373,80395409,KWH,2,668000,438542
April,2019,736,220031685,3002671690,96655597,KRH,3,4200,825
April,2019,737,220031685,3002671690,96655597,KVA,1,118,22123
April,2019,738,220031685,3002671690,96655597,KWH,2,26914,17669
April,2019,739,220031710,3002671710,80395340,KVA,1,165,31020
April,2019,740,220031710,3002671710,80395340,KWH,2,54326,35665
April,2019,741,220031773,3002671754,80395182,KVA,1,445,83304
April,2019,742,220031773,3002671754,80395182,KWH,2,299024,196309
April,2019,743,220031815,3002671783,98370177,KRH,3,332274,92433
April,2019,744,220031815,3002671783,98370177,KVA,1,2700,472419
April,2019,745,220031861,3003313305,98368134,KVA,1,700,122479
April,2019,746,220031861,3003313305,98368134,KWH,2,396000,243481
April,2019,747,220031886,3002671841,63012409,KVA,1,134,25090
April,2019,748,220031886,3002671841,63012409,KWH,2,55450,36403
April,2019,749,220031928,3002676406,83834631,KRH,3,11715,2300
April,2019,750,220031928,3002676406,83834631,KVA,1,137,25706
April,2019,751,220031928,3002676406,83834631,KWH,2,49778,32679
April,2019,752,220031950,3002675098,96948316,KVA,1,124,23303
April,2019,753,220031950,3002675098,96948316,KWH,2,36064,23676
April,2019,754,220031981,3002675121,98453344,KVA,1,112,21056
April,2019,755,220031981,3002675121,98453344,KWH,2,31004,20354
April,2019,756,220032030,3002676419,63035117,KRH,3,23929,4697
April,2019,757,220032030,3002676419,63035117,KVA,1,663,124114
April,2019,758,220032030,3002676419,63035117,KWH,2,577354,379033
April,2019,759,220032505,3002670645,63029916,KRH,3,1200,236
April,2019,760,220032505,3002670645,63029916,KVA,1,99,18630
April,2019,761,220032505,3002670645,63029916,KWH,2,36296,23828
April,2019,762,220032544,3002670674,63029309,KVA,1,70,13104
April,2019,763,220032544,3002670674,63029309,KWH,2,36362,23872
April,2019,764,220032706,3002673768,98368194,KVA,1,70,13104
April,2019,765,220032706,3002673768,98368194,KWH,2,46978,30841
April,2019,766,220032833,3002667586,93936420,KVA,1,155,29016
April,2019,767,220032833,3002667586,93936420,KWH,2,68682,45090
April,2019,768,220032872,3002667618,93750769,KVA,1,402,75314
April,2019,769,220032872,3002667618,93750769,KWH,2,153748,100936
April,2019,770,220032939,3002676461,80395464,KRH,3,183000,35923
April,2019,771,220032939,3002676461,80395464,KVA,1,1264,236621
April,2019,772,220032939,3002676461,80395464,KWH,2,1040000,682760
April,2019,773,220033072,3002676469,63055033,KVA,1,70,13104
April,2019,774,220033072,3002676469,63055033,KWH,2,23822,15639
April,2019,775,220033160,3002671629,96948174,KRH,3,3336,655
April,2019,776,220033160,3002671629,96948174,KVA,1,421,78904
April,2019,777,220033160,3002671629,96948174,KWH,2,60134,39478
April,2019,778,220033185,3002671661,93750735,KRH,3,2847,559
April,2019,779,220033185,3002671661,93750735,KVA,1,72,13546
April,2019,780,220033185,3002671661,93750735,KWH,2,13488,8855
April,2019,781,220033530,3002675367,95681053,KRH,3,687,135
April,2019,782,220033530,3002675367,95681053,KVA,1,70,13104
April,2019,783,220033530,3002675367,95681053,KWH,2,54518,35792
April,2019,784,220033636,3002671410,63035802,KRH,3,7640,1500
April,2019,785,220033636,3002671410,63035802,KVA,1,70,13104
April,2019,786,220033636,3002671410,63035802,KWH,2,24912,16355
April,2019,787,220033668,3002671434,98371278,KVA,1,93,17559
April,2019,788,220033668,3002671434,98371278,KWH,2,42678,28018
April,2019,789,220033675,3002671437,83834553,KRH,3,422,83
April,2019,790,220033675,3002671437,83834553,KVA,1,357,66868
April,2019,791,220033675,3002671437,83834553,KWH,2,774,509
April,2019,792,220033844,3002674543,99632793,KRH,3,934,183
April,2019,793,220033844,3002674543,99632793,KVA,1,70,13104
April,2019,794,220033844,3002674543,99632793,KWH,2,12824,8419
April,2019,795,220033869,3003088702,98370568,KVA,1,1645,287826
April,2019,796,220033869,3003088702,98370568,KWH,2,1332586,687770
April,2019,797,220033932,3003534661,63036107,KVA,1,70,13104
April,2019,798,220033932,3003534661,63036107,KWH,2,22006,14447
April,2019,799,220033964,3002654223,98453358,KRH,3,494,97
April,2019,800,220033964,3002654223,98453358,KVA,1,70,13104
April,2019,801,220033964,3002654223,98453358,KWH,2,4860,3191
April,2019,802,220034083,3002668328,63031692,KRH,3,401,79
April,2019,803,220034083,3002668328,63031692,KVA,1,70,13104
April,2019,804,220034083,3002668328,63031692,KWH,2,13048,8566
April,2019,805,220034132,3002668363,63035999,KVA,1,121,22707
April,2019,806,220034132,3002668363,63035999,KWH,2,32846,21563
April,2019,807,220034171,3002668390,63031920,KRH,3,6905,1355
April,2019,808,220034171,3002668390,63031920,KVA,1,94,17728
April,2019,809,220034171,3002668390,63031920,KWH,2,20372,13374
April,2019,810,220034189,3002668398,63028854,KVA,1,100,18720
April,2019,811,220034189,3002668398,63028854,KWH,2,20178,13248
April,2019,812,220034206,3002668422,63031731,KRH,3,1512,297
April,2019,813,220034206,3002668422,63031731,KVA,1,102,19229
April,2019,814,220034206,3002668422,63031731,KWH,2,7566,4967
April,2019,815,220034277,3003327831,63054885,KVA,1,110,20702
April,2019,816,220034277,3003327831,63054885,KWH,2,26156,17171
April,2019,817,220034502,3002672223,83834731,KVA,1,800,149760
April,2019,818,220034502,3002672223,83834731,KWH,2,312,205
April,2019,819,220034679,3002667193,207701271,KVA,1,70,13104
April,2019,820,220034679,3002667193,207701271,KWH,2,20946,13751
April,2019,821,220034703,3002667204,63029984,KVA,1,70,13104
April,2019,822,220034703,3002667204,63029984,KWH,2,10910,7162
April,2019,823,220034799,3002667238,80395353,KRH,3,11201,2199
April,2019,824,220034799,3002667238,80395353,KVA,1,613,114754
April,2019,825,220034799,3002667238,80395353,KWH,2,476286,312682
April,2019,826,220034943,3002631109,84368323,KRH,3,6544,1285
April,2019,827,220034943,3002631109,84368323,KVA,1,133,24898
April,2019,828,220034943,3002631109,84368323,KWH,2,392772,257856
April,2019,829,220035200,3003520003,83834493,KVA,1,201,37683
April,2019,830,220035200,3003520003,83834493,KWH,2,54000,35451
April,2019,831,220042574,3002671633,83834817,KRH,3,16472,3234
April,2019,832,220042574,3002671633,83834817,KVA,1,249,46794
April,2019,833,220042574,3002671633,83834817,KWH,2,17936,11775
April,2019,834,220042581,3002671644,99633079,KVA,1,73,13828
April,2019,835,220042581,3002671644,99633079,KWH,2,20290,13320
April,2019,836,220042616,3002671676,63038344,KVA,1,178,33453
April,2019,837,220042616,3002671676,63038344,KWH,2,50522,33168
April,2019,838,220042648,3002674698,99633076,KVA,1,71,13291
April,2019,839,220042648,3002674698,99633076,KWH,2,18904,12410
April,2019,840,220042655,3002674701,63021365,KRH,3,7449,1462
April,2019,841,220042655,3002674701,63021365,KVA,1,153,28810
April,2019,842,220042655,3002674701,63021365,KWH,2,57838,37971
April,2019,843,220042704,3002674741,98452815,KVA,1,103,19319
April,2019,844,220042704,3002674741,98452815,KWH,2,43862,28795
April,2019,845,220042969,3002676501,93936789,KRH,3,483,95
April,2019,846,220042969,3002676501,93936789,KVA,1,114,21414
April,2019,847,220042969,3002676501,93936789,KWH,2,57482,37737
April,2019,848,220042976,3002630955,63020579,KVA,1,71,13334
April,2019,849,220042976,3002630955,63020579,KWH,2,4152,2726
April,2019,850,220043031,3002671389,63034029,KRH,3,1737,341
April,2019,851,220043031,3002671389,63034029,KVA,1,219,40997
April,2019,852,220043031,3002671389,63034029,KWH,2,6946,4560
April,2019,853,220043190,3002674517,207701528,KVA,1,70,13104
April,2019,854,220043190,3002674517,207701528,KWH,2,8748,5743
April,2019,855,220043232,3002674536,98453175,KRH,3,6228,1223
April,2019,856,220043232,3002674536,98453175,KVA,1,70,13209
April,2019,857,220043232,3002674536,98453175,KWH,2,33098,21729
April,2019,858,220043320,3003321634,98370697,KRH,3,55974,10988
April,2019,859,220043320,3003321634,98370697,KVA,1,900,168480
April,2019,860,220043320,3003321634,98370697,KWH,2,635752,417371
April,2019,861,220043338,3002654206,98368193,KVA,1,70,13104
April,2019,862,220043338,3002654206,98368193,KWH,2,3106,2039
April,2019,863,220043426,3002654285,63020777,KVA,1,70,13104
April,2019,864,220043426,3002654285,63020777,KWH,2,60944,40010
April,2019,865,220043458,3002668317,96879858,KRH,3,46900,9206
April,2019,866,220043458,3002668317,96879858,KVA,1,800,139976
April,2019,867,220043458,3002668317,96879858,KWH,2,474000,291439
April,2019,868,220043666,3002668459,63034867,KRH,3,2444,480
April,2019,869,220043666,3002668459,63034867,KVA,1,165,31019
April,2019,870,220043666,3002668459,63034867,KWH,2,52806,34667
April,2019,871,220043754,3002672124,95680940,KRH,3,5512,1082
April,2019,872,220043754,3002672124,95680940,KVA,1,115,21702
April,2019,873,220043754,3002672124,95680940,KWH,2,32158,21112
April,2019,874,220044130,3003519705,63020645,KVA,1,233,43786
April,2019,875,220044130,3003519705,63020645,KWH,2,84350,55376
April,2019,876,220044290,3002671157,83834710,KVA,1,110,20592
April,2019,877,220044290,3002671157,83834710,KWH,2,17732,11642
April,2019,878,220044300,3002671160,63054862,KRH,3,86536,16987
April,2019,879,220044300,3002671160,63054862,KVA,1,365,68328
April,2019,880,220044300,3002671160,63054862,KWH,2,206798,135763
April,2019,881,220044317,3002671167,84368358,KVA,1,460,86112
April,2019,882,220044317,3002671167,84368358,KWH,2,360740,236826
April,2019,883,220044444,3002671234,80395731,KRH,3,22872,4490
April,2019,884,220044444,3002671234,80395731,KVA,1,266,49814
April,2019,885,220044444,3002671234,80395731,KWH,2,92042,60426
April,2019,886,220044469,3002676574,80395729,KVA,1,900,168517
April,2019,887,220044469,3002676574,80395729,KWH,2,885982,581647
April,2019,888,220044476,3002671253,99632799,KVA,1,70,13104
April,2019,889,220044476,3002671253,99632799,KWH,2,59198,38863
April,2019,890,220044483,3002671261,98368939,KVA,1,166,31100
April,2019,891,220044483,3002671261,98368939,KWH,2,185978,122095
April,2019,892,220044500,3002671275,98453319,KVA,1,177,33219
April,2019,893,220044500,3002671275,98453319,KWH,2,131676,86445
April,2019,894,220044518,3003536854,63192342,KVA,1,70,13104
April,2019,895,220044518,3003536854,63192342,KWH,2,7582,4978
April,2019,896,220044532,3002676580,63054848,KVA,1,132,24879
April,2019,897,220044532,3002676580,63054848,KWH,2,66978,43971
April,2019,898,220044540,3002674298,63034863,KVA,1,110,20686
April,2019,899,220044540,3002674298,63034863,KWH,2,29470,19347
April,2019,900,220044589,3002674318,63020752,KVA,1,80,15016
April,2019,901,220044589,3002674318,63020752,KWH,2,39188,25728
April,2019,902,220044973,3002652884,63036320.,KVA,1,70,13104
April,2019,903,220044973,3002652884,63036320.,KWH,2,19264,12647
April,2019,904,220045906,3002675461,63054684,KRH,3,1612,316
April,2019,905,220045906,3002675461,63054684,KVA,1,177,33137
April,2019,906,220045906,3002675461,63054684,KWH,2,40260,26431
April,2019,907,220046057,3002672720,98370407,KVA,1,70,13104
April,2019,908,220046057,3002672720,98370407,KWH,2,13088,8593
April,2019,909,220046089,3002672738,63192926,KVA,1,130,24355
April,2019,910,220046089,3002672738,63192926,KWH,2,25446,16705
April,2019,911,220046096,3002672743,80395743,KVA,1,262,49193
April,2019,912,220046096,3002672743,80395743,KWH,2,24430,16035
April,2019,913,220046113,3002672753,80395466,KRH,3,13078,2567
April,2019,914,220046113,3002672753,80395466,KVA,1,328,61402
April,2019,915,220046113,3002672753,80395466,KWH,2,151388,99386
April,2019,916,220046177,3002672806,93935275,KRH,3,111312,21851
April,2019,917,220046177,3002672806,93935275,KVA,1,210,39312
April,2019,918,220046177,3002672806,93935275,KWH,2,203710,133737
April,2019,919,220046258,3002650648,63021815,KRH,3,11481,2254
April,2019,920,220046258,3002650648,63021815,KVA,1,80,15026
April,2019,921,220046258,3002650648,63021815,KWH,2,32060,21047
April,2019,922,220046353,3002676647,80395750,KVA,1,1059,185293
April,2019,923,220046353,3002676647,80395750,KWH,2,1103046,565128
April,2019,924,220046360,3002676648,93708258,KRH,3,960,189
April,2019,925,220046360,3002676648,93708258,KVA,1,135,25372
April,2019,926,220046360,3002676648,93708258,KWH,2,27182,17845
April,2019,927,220046579,3002668227,96948209,KRH,3,513,101
April,2019,928,220046579,3002668227,96948209,KVA,1,152,28604
April,2019,929,220046579,3002668227,96948209,KWH,2,117860,77375
April,2019,930,220046593,3002668238,207701171,KRH,3,17157,3368
April,2019,931,220046593,3002668238,207701171,KVA,1,133,24977
April,2019,932,220046593,3002668238,207701171,KWH,2,119264,78297
April,2019,933,220046699,3002671914,80395582,KRH,3,7344,1442
April,2019,934,220046699,3002671914,80395582,KVA,1,221,41497
April,2019,935,220046699,3002671914,80395582,KWH,2,139520,91595
April,2019,936,220046829,3002671990,63030023,KRH,3,25974,5099
April,2019,937,220046829,3002671990,63030023,KVA,1,218,40978
April,2019,938,220046829,3002671990,63030023,KWH,2,129716,85159
April,2019,939,220046868,3002672013,63024821,KRH,3,1703,334
April,2019,940,220046868,3002672013,63024821,KVA,1,70,13104
April,2019,941,220046868,3002672013,63024821,KWH,2,18640,12237
April,2019,942,220046875,3002672022,93936404,KVA,1,70,13104
April,2019,943,220046875,3002672022,93936404,KWH,2,4532,2976
April,2019,944,220046882,3003343487,98370253@,KRH,3,4963,974
April,2019,945,220046882,3003343487,98370253@,KVA,1,85,16024
April,2019,946,220046882,3003343487,98370253@,KWH,2,66564,43699
April,2019,947,220047318,3002676740,96879857,KVA,1,500,87485
April,2019,948,220047318,3002676740,96879857,KWH,2,1772,1090
April,2019,949,220047501,3002670791,207701134,KVA,1,70,13104
April,2019,950,220047501,3002670791,207701134,KWH,2,31632,20766
April,2019,951,220047526,3002670807,207742526,KRH,3,354,70
April,2019,952,220047526,3002670807,207742526,KVA,1,135,25332
April,2019,953,220047526,3002670807,207742526,KWH,2,21280,13971
April,2019,954,220047572,3002670841,63031716,KRH,3,979,192
April,2019,955,220047572,3002670841,63031716,KVA,1,80,15088
April,2019,956,220047572,3002670841,63031716,KWH,2,27956,18353
April,2019,957,220047974,3002651797,96948393,KVA,1,70,13104
April,2019,958,220047974,3002651797,96948393,KWH,2,18926,12425
April,2019,959,220047981,3002676813,63035837,KRH,3,1072,211
April,2019,960,220047981,3002676813,63035837,KVA,1,929,174077
April,2019,961,220047981,3002676813,63035837,KWH,2,622104,408411
April,2019,962,220048061,3002651838,207742598,KRH,3,3633,713
April,2019,963,220048061,3002651838,207742598,KVA,1,85,16054
April,2019,964,220048061,3002651838,207742598,KWH,2,47108,30926
April,2019,965,220048368,3002668924,98453632,KVA,1,70,13104
April,2019,966,220048368,3002668924,98453632,KWH,2,10524,6909
April,2019,967,220048382,3002668937,63034818,KVA,1,132,24860
April,2019,968,220048382,3002668937,63034818,KWH,2,69642,45720
April,2019,969,220048431,3002675522,98368433,KRH,3,2952,580
April,2019,970,220048431,3002675522,98368433,KVA,1,151,28421
April,2019,971,220048431,3002675522,98368433,KWH,2,81252,53342
April,2019,972,220048583,3002669023,207701244,KVA,1,135,25370
April,2019,973,220048583,3002669023,207701244,KWH,2,98544,64694
April,2019,974,220048640,3002676841,83834681,KRH,3,61893,12150
April,2019,975,220048640,3002676841,83834681,KVA,1,724,135533
April,2019,976,220048640,3002676841,83834681,KWH,2,489238,321185
April,2019,977,220048664,3002669054,63020609,KVA,1,100,18720
April,2019,978,220048664,3002669054,63020609,KWH,2,24908,16352
April,2019,979,220048671,3002669059,98370771,KRH,3,10264,2015
April,2019,980,220048671,3002669059,98370771,KVA,1,106,19843
April,2019,981,220048671,3002669059,98370771,KWH,2,71176,46727
April,2019,982,220048760,3002669086,80395149,KVA,1,382,71510
April,2019,983,220048760,3002669086,80395149,KWH,2,209956,137836
April,2019,984,220048992,3002672362,93708048,KVA,1,70,13104
April,2019,985,220048992,3002672362,93708048,KWH,2,12382,8129
April,2019,986,220049072,3002672395,85749970,KRH,3,1677,329
April,2019,987,220049072,3002672395,85749970,KVA,1,130,24345
April,2019,988,220049072,3002672395,85749970,KWH,2,64278,42199
April,2019,989,220049080,3002672402,93708067,KRH,3,739,145
April,2019,990,220049080,3002672402,93708067,KVA,1,70,13104
April,2019,991,220049080,3002672402,93708067,KWH,2,11916,7823
April,2019,992,220049153,3002653137,85750050,KVA,1,102,19203
April,2019,993,220049153,3002653137,85750050,KWH,2,52788,34655
April,2019,994,220049516,3002653247,85749899,KVA,1,82,15366
April,2019,995,220049516,3002653247,85749899,KWH,2,46986,30846
April,2019,996,220049594,3002653271,63031693,KVA,1,140,26353
April,2019,997,220049594,3002653271,63031693,KWH,2,49552,32531
April,2019,998,220049611,3003536857,93708213,KRH,3,4591,901
April,2019,999,220049611,3003536857,93708213,KVA,1,70,13104
April,2019,1000,220049611,3003536857,93708213,KWH,2,111798,73395
